ds,actual,prophet_pred
2011-10-23,225943.42,213222.62999651744
2011-10-30,209568.41,213662.42343507626
2011-11-06,241609.89,218598.75399610237
2011-11-13,257782.62,227858.08630251914
2011-11-20,270172.56,249487.85902712203
2011-11-27,240929.42,281566.73020149535
2011-12-04,237304.16,297770.26610392984
2011-12-11,202924.23,264336.41832670063
