ds,actual,lstm_pred
2011-10-23,225943.42,227272.56
2011-10-30,209568.41,240777.0
2011-11-06,241609.89,247730.22
2011-11-13,257782.62,266189.53
2011-11-20,270172.56,287029.47
2011-11-27,240929.42,307227.3
2011-12-04,237304.16,265363.8
2011-12-11,202924.23,190093.97
