ds,actual_prophet,prophet_pred,actual_lstm,lstm_pred,actual,prophet_abs_pct_error,lstm_abs_pct_error,ensemble_pred,ensemble_abs_pct_error
2011-10-23,225943.42,213222.62999651744,225943.42,227272.56,225943.42,5.630077655495598,0.588263424533446,220247.59624825872,2.5209071154810756
2011-10-30,209568.41,213662.42343507626,209568.41,240777.0,209568.41,1.953545114493283,14.89183889881113,227219.71171753813,8.422692006652207
2011-11-06,241609.89,218598.75399610237,241609.89,247730.22,241609.89,9.524086950206236,2.533144959421978,233164.4863730512,3.495470995392129
2011-11-13,257782.62,227858.08630251914,257782.62,266189.53,257782.62,11.608437255188447,3.2612405173009744,247023.80877625957,4.173598368943735
2011-11-20,270172.56,249487.85902712203,270172.56,287029.47,270172.56,7.656107257109296,6.2393119234610666,268258.663888561,0.7083976668241151
2011-11-27,240929.42,281566.73020149535,240929.42,307227.3,240929.42,16.86689413086012,27.517557839138114,294397.0213507477,22.192225984999116
2011-12-04,237304.16,297770.26610392984,237304.16,265363.8,237304.16,25.48042398579521,11.824340753234159,281567.0393019649,18.652382369514683
2011-12-11,202924.23,264336.41832670063,202924.23,190093.97,202924.23,30.263605448546294,6.32268568913629,227215.19353835032,11.970459879705004
